{
  "ball": {
    "x": 50,
    "y": 50,
    "dx": -0.40457575320442757,
    "dy": 0.6901582861337465
  },
  "score": {
    "left": 7,
    "right": 4
  },
  "pidomoroState": "Work",
  "paddles": {
    "left": 10,
    "right": 70
  }
}